
[
  { "code": "01", "name": "Ilocos Region (Region I)" },
  { "code": "02", "name": "Cagayan Valley (Region II)" },
  { "code": "03", "name": "Central Luzon (Region III)" },
  { "code": "04", "name": "CALABARZON (Region IV-A)" },
  { "code": "05", "name": "Bicol Region (Region V)" },
  { "code": "06", "name": "Western Visayas (Region VI)" },
  { "code": "07", "name": "Central Visayas (Region VII)" },
  { "code": "08", "name": "Eastern Visayas (Region VIII)" },
  { "code": "09", "name": "Zamboanga Peninsula (Region IX)" },
  { "code": "10", "name": "Northern Mindanao (Region X)" },
  { "code": "11", "name": "Davao Region (Region XI)" },
  { "code": "12", "name": "SOCCSKSARGEN (Region XII)" },
  { "code": "13", "name": "Caraga (Region XIII)" },
  { "code": "14", "name": "Bangsamoro Autonomous Region in Muslim Mindanao (BARMM)" },
  { "code": "15", "name": "Cordillera Administrative Region (CAR)" },
  { "code": "16", "name": "National Capital Region (NCR)" },
  { "code": "17", "name": "MIMAROPA Region" }
]

